customer_id,customer_name
108332,AADHAAR WHOLESALE LTD NADIAD
152843,AADROIT INDULGENCE PRIVATE LIMITED
113698,AAI KHODAL ENTERPRISE
103848,AAKASH GLOBAL FOODS PVT. LTD.
107836,AAKASH PLASTOPACK PVT LTD
105297,AASHAPURA TRADING COMPANY
111890,AATIF ENTERPRISE
111726,ABDUL SATTAR AND CO
153195,AB PETROCHEM PRIVATE LIMITED
115104,ACHARYA NITINKUMAR GOVINDBHAI HUF
113938,ACHARYA TRADING CO
500117,Acme-Hardesty Co.
108978,ACME INDUSTRIES
111833,A C TRADERS
104892,ADARSH PROVI STORE -RAIYAROAD
152833,ADB EDIBLE PRIVATE LIMITED
153247,ADINATH ENTERPRISE
103849,ADINATH OILS
152814,ADINATH SUGAR
105299,ADINATH TRADERS
114115,ADINATH TRADING COMPANY
103850,ADITYA PROTEINS
153248,ADM AGRO INDUSTRIES INDIA PVT LTD
114284,ADVANCE TRADERS
113076,ADVATECH CERA TILES LTD
114975,AERISH ENTERPRISE
105303,AGARWAL OIL MILL
114831,AGGARWAL SOAP AND GEN. INDUSTRIES
114967,AGRAWAL VASANTKUMAR MANGILAL
152730,A G TRADERS
104893,"AI SHRI KHODIYAR PROVI & JANRAL,MET"
110235,AI SHRI KHODIYAR PROVISION STORE (V
100045,AJANTA SOYA LTD  BHIWADI
109272,AJAY KIRANA STORE
111083,AJUDIA BROTHERS
114437,AKASH CHEMTECH PRIVATE LIMITED
112546,AKASH TRADING CO
115028,AKAZA INTERNATIONAL PVT LTD
109254,AKBANI ENTERPRISE
500432,Akhdar General Trading LLC
111822,A K PROVISON STORE
104894,AKSAR PROVI - MAUDI PLOT
114819,AKSHAR CORPORATION
100279,AKSHAR FIBERS INDUSTRIES
100281,AKSHAR FIBERS INDUSTRIES
100282,AKSHAR GINNING & PRESSING INDUSTRIE
103855,AKSHAR PROTEIN
108577,AKSHAT PROTEINS
100278,AKSHAY EXIM
113166,ALANKAR TEA DEPOT
500005,"ALBERDINGK BOLEY GmbH, Dusseldoref"
111614,ALFA AGROVET  HAPUR
110836,ALOK AGRO PRODUCTS
100067,AMALSAD SEVA SAHKARI
110791,AMAN FOOD PRODUCTS
112408,AMARDEEP GENERAL STORE
110683,AMBA STORE (CHUNARAVAD)
153225,AMBICA COTSEEDS LIMITED
109153,AMBICA INDUSTRIES
100084,AMBICA OIL TRADERS
113061,AMBIKA MART
113987,AMBIKA OIL DEPOT
104896,AMBIKA PROVI STORE - RAIYA ROAD AIR
106574,AMIR ENTERPRISE SARKHEJ
108862,AMI TRADERS
113433,AMIT TEA CENTER
152815,AMOLAKCHAND ANKUR KOTHARI ENT PVT L
100108,AMROLI VIBHAG VIVIDH
100110,AMRUT PASHU AAHAR
112082,AMRUT TRADERS
115100,AMRUT TRADERS
112855,AMRUT TRADING CO
104903,ANANTRAI.P.JOSHI- SARDHAR
107863,ANGADESHWAR TRADING CO
103393,ANIL TRADERS -- RADAR ROAD
100125,ANIL TRADERS  ZALOD
152726,ANJALI ENTERPRISE
114029,ANJANA TRADING CO.
112681,ANJANI AGRO INDUSTRIES
114146,ANJANI TRADERS
104904,ANKUR JANRAL & PAN - AMRUTBHAI.SAPA
100135,ANKUR NI CHAH
114804,ANMOL FERTICHEM INDUSTRIES
152752,ANMOL TRADING CO
115101,ANMOL TRADING COMPANY
104906,ANNAPURNA JANRAL STORE- 8 KRUSHANGA
100137,ANNAPURNA TRADING CO
100138,ANSH ENTERPRISE KALUPUR
152952,ANUSHREE TRADING CO.
114580,ANVEELIFECARE NATURAL HERBS PVT LTD
152885,ARAIYA REALTY LLP
152984,ARIHANT GRUH UDHYOG
111925,ARIHANT OIL CORPORATION
114166,ARIHANT SUPER STORES
100148,ARIHANT TRADERS DABHAN
100153,ARIHANT TRADING
110209,ARMAN PROVI STORE(MANADUNGAR)
114932,ARORA FLOUR & OIL MILLS
100157,ARPIT TRADERS
110898,ARPIT TRADERS
100158,ARTI ENTERPRISE GURUKUL
100161,ARVINDKUMAR HARILAL & CO.
100162,ARVINDLAL AND BROTHERS
152768,ARYA BANDHU
152793,ASHA ENTERPRISES
106587,ASHALAL MATHURDAS AND CO
111810,ASHAPURA GENERAL STORE
104912,"ASHAPURA PROVI - MUNJAKA,"
100174,ASHAPURA TRADING CO
153182,ASHAPURA TRADING CO.
111260,ASHAPURI JUTE INDUSTRIES
111803,ASHISH POLYMERS
100193,ASHOKKUMAR GORDHANDAS THAKKAR
100032,ASHOK TRADING
100190,ASHOK TRADING CO JIVRAJ PARK
114744,ASHWINKUMAR VADILAL SHAH
112611,ASSANDAS CHOITHRAM MANDSAUR
500436,ATLANTIC GREASE & LUBRICANTS MANU.
114102,ATUL TRADING CO
152957,AVAKAR KIRNA STORS
115069,AVD FORMULATIONS
152851,AVENUE ECOMMERCE LIMITED
152869,AVENUE ECOMMERCE LIMITED NARODA
152870,AVENUE ECOMMERCE LIMITED SANAND
100044,AVENUE SUPERMARTS LIMITED AKOT
500440,Avere Commodities
153231,AVI AGRI BUSINESS LIMITED
500366,AVIKS GROUP
152841,AWL AGRI BUSINESS LIMITED
152987,AWL AGRI BUSINESS LIMITED
153042,AWL AGRI BUSINESS LIMITED
116166,AYEKART RETAIL PRIVATE LIMITED
114878,AZAD AGENCIES
109753,BAHUCHARAJI KIRANA BHANDAR
110600,BAHUCHAR ENTERPRISE
153155,BAHUCHAR TRADERS
100248,BAJARANG TRADERS/
104918,BAJRANG JANRAL PROVI - SAPAR VERAVA
104919,BAJRANG PROVI & JANRAL -RAMESWAR CH
110733,BAJRANG PROVISION STORE (MADHAPAR)
111068,BAJRANG PROVISION STORE (RAM.PARA)
113471,BALAJI CORPORATION
115036,BALAJI ENTERPRISE
111200,BALAJI PROVISION STORE (NANAMAVAGAM
106604,BALAJI PROVI STORE . PADADHARI
153053,BALAJI TRADING CO
110812,BALAJI WAFERS PRIVATE LIMITED
152846,BALAJI WAFERS PRIVATE LIMITED
100258,BALDEV SOAP FACTORY
114841,BALLE DI HATTI
104930,BALMUKUND KIRANA BHANDAR - MAUDI PL
104933,BALVI PROVI STORE - KOTHARIYA ROAD
110690,BANAS PROVISION STORE
108831,BANKURA AGRO PROCESSING PVT. LTD.
112991,BANSAL SUPER MARKET
113605,BANSAL SUPER MARKET
100267,BANSAL SUPER MARKET KARELI
111249,BANSAL SUPER MARKET TARSALI
104935,BANSIDHAR PROVI STORE.GADHI GRAM
500438,"Baoding Wansitu Technology Co.,Ltd."
100274,BARAI ANAJ KIRANA BHANDAR
152785,BATRA TRADERS PRATAPGARH
152813,B.B.MARKETING
500195,Berg + Schmidt GmbH & Co. KG
500369,BERKELEY TRADING LLC TTT
152733,BHAGAT AROMATICS LIMITED
104941,"BHAGAVATI SALES - SARDHAR,SURESHBHA"
104943,BHAGVATI ENTERPRISE  - JAKSAN MAIN
100291,BHAGWATI TRADING CO-A-BAD
100292,BHAGYA TRADERS
104944,BHAGYODAY GENARAL -MAUDI
113620,BHAGYODAY TRADERS
100298,BHAILAL OGHADBHAI
113074,BHANU AGRO
114143,BHANU ENTERPRISES
115088,BHANU OIL INDUSTRIES PVT LTD
153250,BHARATBHAI RAVJIBHAI BHANUSALI
114765,BHARAT ENTERPRISE
111295,BHARAT ENTERPRISE  GODHRA
100304,BHARAT FOODS CO OPERATIVE LTD.
113448,BHARATKUMAR GOVINDJI RAJVIR
100314,BHARATKUMAR S MEHTA
112316,BHARAT OIL INDUSTRIES
102503,BHARAT SALES BOTAD
112892,BHARAT SOAP FACTORY
100308,BHARAT TRADING
104203,BHARAT TRADING CO
104947,BHARMAL STORE-JAKSAN MAIN ROAD
113801,BHARUCH SINDHI VEPARI SYNDICATE
114938,BHATIA KHETI STORE
110930,BHAVANDAS MOHANLAL
109939,BHAVANI SHOPING POINT (MAUDI)
104955,BHAVANI VASTU BHANDAR -CHUDASMA PLO
113140,BHAVESHBHAI JAYANTILAL THAKKAR
111108,BHAVESHKUMAR  S MAHESHWARI
153241,BHAVESH OIL INDUSTRIES
100332,BHAVISHA TRADING CO.
114460,BHAVYA AGRO PRODUCTS
115087,BHAWANI OILS INDUSTRY
114905,BHERUNATH SCRAP TRADERS
100178,BHERUNATH TRADING
112769,BHIMSHANKAR TRADING CO
109581,BHOJALRAM TRADERS & GENERAL STORE(K
104959,"BHOLA JANRAL -JAGANNATH CHOWK,NAVJY"
100341,BHOLA TRADING CO
152765,BHOLENATH TRADERS
114654,BHUMI MARKETING
111162,BHUSHAN OILS AND FATS PVT LTD
114136,BHUTADA CORPORATION
153223,BIKAJI FOODS INTERNATIONAL LIMITED
104622,BIPINKUMAR VALLABHBHAI-M-YARAD
116168,Blue Stone Energy Private Ltd
111427,B N AGRITECH LTD
114445,B.Narain and Co
100227,B NARAYAN AND CO
113195,BN ENTERPRISE
152792,BN HOLDINGS LIMITED
152942,BOOB TRADING COMPANY
110180,BRAHMANI TRADERS
100359,BRAHMANI TRADES
100362,BRIJESH TRADING COMPANY THARA
111985,B S TRADING COMPANY
500422,BUNGE ASIA PTE. LTD.
113522,BUNGE INDIA PRIVATE LIMITED
113931,CAPITAL FOODS PRIVATE LIMITED.  Nas
114739,CAPITAL FOODS PRIVATE LIMITED  NASH
113920,CAPITAL FOODS PRIVATE LIMITED  Pani
115020,CAPITAL FOODS PRIVATE LTD
500193,"CASDA Biomaterials Co., Ltd."
111979,CASH MEMO AKOLA
114371,CASH MEMO - AMBALA
104395,CASH MEMO - KADI
106629,CASH MEMO - MUMBAI
152812,CASH MEMO OLIXIR
111898,CASTORGIRNAR IND PVT LTD
104963,"CHAMUNDA PROVI - DEVJIBHAI,GOLRESID"
104966,CHAMUNDA PROVI -PADADHARI
111560,CHANDRA PRAKASH VIJAY KUMAR
108981,CHARBHUJA KIRANA STORES
107888,CHELARAM TRADERS
500443,ChemCloud Australia Pty Ltd
500281,ChemScapes ApS
100394,CHETAN KIRAN STORES
100396,CHHANI KHEDUT VIV SEVA SAH MAN L
111126,CHHOTALAL MAGANLAL GANDHI
500380,CHIMCOMPLEX SA BORZESTI
500215,CHINA SINOPHARM HEALTHCARE INDUSTRY
500312,CHINESE CATALPA INTER.TRADE (QINGHA
112845,CHINI AND SONS
500043,"CHIN MING TRADING CO., LTD."
112524,CHINUBHAI NAGARDAS AND CO
113804,CHIRAGKUMAR KANTIBHAI SHARMA
100414,CHISTIYA TRADERS
113021,CHITRA PROVISION STORE KALAWAD
112212,C M INDUSTRIES
500439,COFCO Resources S.A
153009,COLOSPERSE DYES AND INTERMEDIATES P
109473,COREL PHARMA CHEM
152972,CORGENT GLOBAL MARKETING PVT LTD
109075,C R TRADERS
114186,DAKSH SALES
107776,DALCHAND VASANTILAL JAIN
104629,DAMODARDAS PRAGJIBHAI GONDAL
500314,DAN-BUNKERING (MIDDLE EAST)
104972,DARPAN PROVI STORES -SARDHAR
152734,DARSHAN GENERAL STORE
112613,DARSHAN OVERSEAS PRIVATE LTD.
100439,DARSHAN TRADERS RAPAR
109675,DAS ENTERPRISE(TIRUPATNAGAR-2)
112926,DD SHAH FOOD LABS LLP
111595,D D SHAH PETROCHEM PVT LTD
110947,DEEPAK TRADERS
114993,DEEPARAM MALAJI
103877,DEEPCHAND ARYA INDUSTRIES LTD
114976,DEEP ENTERPRISE
113252,DEEPKIRAN FOODS PRIVATE LIMITED
115094,DEVASYA SUPER MARKET
152796,DEV ENTERPRISE (DOC)
112910,DEV ENTERPRISE  KADI
114169,DEVESH ENTERPRISE
104637,"DEV GENRAL - KARAN PARK ,ASTRON SOC"
153153,DEVILAL HALURAM
100473,DEVI SHAKTI ANAJ BHANDAR
152867,DEVJHIRI MARKETING
114286,DEVKRUPA JUTE SUPPLIERS
109974,DHALA ENTERPRSIE (KALAVAD)
153066,DHANESH ENTERPRISE
113919,DHANPAT RAI RAM BILAS
100481,DHANVANTI TRADERS
113608,DHARA AGRO INDUSTRIS
153139,DHARAM CHAND BHERUMAL SHAH
100483,DHARAMCHAND BHERUMAL SHAH
100484,DHARAMCHAND LADHAMAL
107609,DHARAMCHAND LADHAMAL
104978,DHARESVAR KIRANA-KHIJADA VADO ROAD
115052,Dharma Corporation
113432,DHARM CHAND LADU LAL BHANDARI
100491,DHARMESH TRADERS
152753,DHARMNANDAN TRADERS
100493,DHARNEDHAR TRADING CO
153144,DHARNIDHAR BARDAN CO.
111927,DHARTI OIL INDUSTRIES
100496,DHARTI TRADING CO
100503,DHIRAJLAL PRABHURAM JIVRANI
152929,DHRUVANSH ENTERPRISES
115017,DHRUV PACKAGING
108812,DHRUV TRADERS
112988,DIAMOND TRADING COMPANY
100510,DILIPKUMAR BADAMILAL SHAH
100517,DINESHCHANDRA KANTILAL VORA
100519,DINESHKUMAR BALMUKUND
112763,DINESH OIL MILL
104981,DINESH SHOPING CENTER - KOTECHA NAG
100515,DINESH TRADERS
153002,DIPTI VEGOILS LTD
152834,DIU MART
113828,DIVYA SALES AND OIL
152721,DIVYA TRADERS
111955,DIVYESH KIRANA STORE
113785,DIYA TRADING CO
100421,D KESHAVRAM
114667,D KESHVRAM & CO
112484,D M CORPORATION
500385,Dongyang Oil Chemical Co. Ltd.
114918,D.R.COMMODITIES PVT. LTD
106639,D.R.COMMODITIES PVT. LTD.
115034,DUDHIA DAIRY FARM
105328,DUGAR BROTHERS
100527,DURGA TRADERS
114026,DWARKADISH PASHU AAHAR
500392,Eco Blaster indústria e comércio de
100532,EKTA TRADING CO
112265,ELECTROTHERM INDIA LIMITED
114114,ELLECHA GLOBAL PRIVATE LIMITED
153082,EMAMI AGROTECH LIMITED
500319,ENERGEX FZE
114925,EPIGRAL LIMITED
152803,ESTELLE CHEMICALS PRIVATE LIMITED
153200,ETERNA GLOBE ENTERPRISE
112481,EURO INDIA FRESH FOODS LIMITED
112813,FAITH INDUSTRIES LIMITED
152940,FALCON AGRIFRIZ FOODS PRIVATE LIMIT
152908,F. A. NUTRIENTS
114866,FARSUN ORGANIC AGRO
104984,FEVRIT JANRAL STORE -SOMNATH SO 150
112695,Fine Organic Industries LTD
115033,FINOZOL SPECIALITY CHEMICALS PVT LT
114869,FIORA HYPERMARKET LIMITED
152955,FLIPKART INDIA PRIVATE LIMITED SURA
100534,F M DABHOIWALA
153196,FOREVER LIFESCIENCE PRIVATE LIMITED
152781,FORTUNE EXICOM
114839,FRIENDS AGENCIES
500026,FUERST DAY LAWSON LTD.
500302,FUMING POLYMER TECHNOLOGY
100556,GADAT SEVA SHAKARI MANDALI
100559,GAJANAND TRADERS NAVA VADAJ
108958,GAJANAND TRADING CO  NARODA
100191,GAJ OIL INDUSTRIES
109723,GALAXY PROVISION STORE (V S)
152762,GALAXY WOOD PACK INDUSTRIES
111228,GANDHI CHHAGANLAL TRIBHOVANDAS AND
100569,GANESH AGENCY
100571,GANESH ENTERPRISE
111373,GANESH ENTERPRISE
109800,GANESH KIRANA BHANDAR
114334,GANESH LAL SHANTI LAL
110661,GANESH PROTEINS
112142,GANESH SCRAP SUPLIERS
100575,GANESH TRADERS  KHUREJA ROAD
100579,GANESH TRADING CO  KATARGAM
112594,GAUTAM OILS
100604,GAUTAM TRADERS
153011,GAYATRI ENTERPRISES
100615,GAYATRI TRADERS
104646,GAYATRI TRADING-UNIVER CITY ROAD
152745,GENERAL FOODS AND INGREDIENTS PVT L
100628,GHANSHYAMBHAI MANILAL
104992,"GHANSHYAM PROVI -ALAP HERITEGE,SATY"
100623,GHANSHYAM TRADERS SNAGAR
100624,GHANSHYAM TRADERS VASTRAPUR
100629,GHEEWALA TRADERS
153159,GHODAWAT EXIM LLP
112549,GIRIRAJ ENTERPRISE
113942,GIRIRAJ PRASAD GHANSHYAM DAS
104995,GIRIRAJ PROVI STORE - GANDHI GRAM
110233,GIRIRAJ SHOPPING CENTER (KALAWADROA
112016,GIRISH CHANACHUR AND SNACKS PVT LTD
GJ02XX3924,GJ02XX3924 Loding Truck
GJ02XX9801,GJ02XX9801 Tanker
GJ02XX9802,GJ02XX9802 Tanker
GJ02XX9806,GJ02XX9806 Tanker
GJ02XX9809,GJ02XX9809 Tanker
GJ02XX9810,GJ02XX9810 Tanker
GJ02Z3234,GJ02Z3234 Tanker
GJ02Z3236,GJ02Z3236 Tanker
GJ02Z3549,GJ02Z3549 Loding Truck
GJ02Z3555,GJ02Z3555 Loding Truck
GJ02Z3557,GJ02Z3557 Loding Truck
GJ02Z3562,GJ02Z3562 Loding Truck
GJ02Z3710,GJ02Z3710 Tanker
GJ02Z3724,GJ02Z3724 Tanker
GJ02Z3734,GJ02Z3734 Tanker
GJ02Z3805,GJ02Z3805 Tanker
GJ02Z3809,GJ02Z3809 Tanker
GJ02Z3810,GJ02Z3810 Tanker
GJ02Z9812,GJ02Z9812 Tanker
GJ02Z9813,GJ02Z9813 Tanker
GJ02Z9816,GJ02Z9816 Tanker
GJ02Z9818,GJ02Z9818 Tanker
GJ02Z9820,GJ02Z9820 Tanker
GJ02Z9821,GJ02Z9821 Tanker
GJ02ZZ9828,GJ02ZZ9828 Tanker
GJ02ZZ9829,GJ02ZZ9829 Tanker
GJ02ZZ9830,GJ02ZZ9830 Tanker
GJ02ZZ9831,GJ02ZZ9831 Tanker
GJ12BX7234,GJ12BX7234 Tanker
GJ12BX7656,GJ12BX7656 Tanker
GJ12BX7820,GJ12BX7820 Tanker
GJ12BX7896,GJ12BX7896 Tanker
114454,GLOBAL MARINE EXPORTS
152749,GLOBAL MERCHANTS
152830,GODREJ INDUSTRIES LTD
114814,GOKALANI RAJ DASHRATHBHAI
111563,GOKUL AGRO RESOURCES LIMITED
109718,GOKUL PROVISION STORES (KALAVADROAD
113320,G ONE AGRO PRODUCTS LTD
112065,GOPAL GENRAL STORE(SETH NGR)
109807,GOPAL KIRANA BHANDAR
108251,GOPINATHJI PROVI-YOGESHWAR
112979,GOPINATH TRADERS
113049,GOPI TRADELINK
113251,GOVIND AGROFIN PRIVATE LIMITED
114108,GOVIND OIL DEPOT
105335,GOYAL AGENCIES
152921,GOYAL TRADING COMPANY
153229,GPA ENGINEERS
112059,G P AND SONS
500156,GUANGZHOU PANYU ZHONGXIN OIL
500389,GUANG ZHOU SHI-JIU CHEMICAL TECHNOL
100672,GUJARAT AMBUJA EXPORTS LTD. KADI
100674,GUJARAT FOOD PRODUCTION
110748,GUJARAT KIRANA STORES
112844,GUJARAT KRUSHI BIO FERTILIZERS
103881,GUJARAT OIL MILL
152889,GUJARAT PEANUT AND AGRI PRODUCTS LT
114829,GULAB OIL AND FOOD (AHMEDABAD) PVT
152791,GULAB OIL AND FOOD (AHMEDABAD) PVT
103882,GULAB OIL AND FOODS PVT LTD
100684,GUNGADIPATI SEVA SAHKARI MANDLI
112048,GURU KIRPA
100690,GURUKRUPA ENTERPRISE
105003,GURUKRUPA PROVI-JUKSAN
111528,GURUKRUPA SALES
100692,GURUKRUPA TRADING CO
115011,GV TRADERS
100702,HADI ENTERPRISE
109929,HAIDAR ALIBHANJI (KALAVAD)
152837,HALDIRAM SNACKS FOOD PRIVATE LIMITE
111028,HAMID CHOICE CENTER
500197,Hampshire commodities Limited
110378,HANIFBHAI ABUBHAI (TANKARA)
105006,HANSA PROVI - SAURASHTRA KALA KENDR
110800,HAPPY GENERAL STORE (POPATPARA)
111786,HAPPY MALL
114798,HARIDAS SAVAJIBHAI RAJA
100718,HARI KRISHNA TRADING CO
100717,HARI KRISHNA TRADING CO MEHSANA
113960,HARIKRUPA PASU AAHAR
110941,HARI KRUPA SALES AGENCY
112214,HARI OIL MILLS AND  CO
112970,HARIOM ENTERPRISE
100723,HARIOM ENTERPRISE DEHGAM
104668,HARIOM ENTERPRISE --MARKETING YARD
109084,HARIOM INDUSTRIES
112912,HARIOM PROVISION STORE
114607,HARIOM TRADERS
108944,HARKARAN DASS VEDPAL
108689,HARSHAD MANGO PRODUCT PVT LTD
100737,HARSHAD TRADERS
100735,HARSH ENTERPRIES
100741,HASAN MOHMAD SARODWALA AND CO
100743,HASHANBHAI MOHAMD
109799,HASMUKH KIRANA STORE
100699,H  BALVANTRAI AND CO
500283,"HEBEI CHUNFENG INT. TRADE CO., LTD"
500280,"HEBEI SAI AO TRADE CO.,LTD."
113749,HEENAL DISTRIBUTORS
113645,HEER OIL INDUSTRIES
116152,HELIOS PHARMACEUTICALS
100755,HEMANDAS AND SONS
113866,HEMANG TRADERS
114856,HEMEE INTERNATIONAL PVT LTD
100759,HETAL TRADERS
100069,HETA SALES AGENCY
107356,H. H. ENTERPRIES
114745,HINDUSTAN GRAIN CENTRE
100770,HIRACHAND NIHALCHAND LUNAVAT & CO
100773,HITENDRAKUMAR GOVINDRAM
100776,HITESHKUMAR CHIMANLAL AND BROTHERS
109288,HITESH TRADERS  ANAND
100777,HITKARI SABUN UDHYOG
115089,H J ENTERPRISE
104219,H K & CO
112224,H L CORPORATION
153227,HN ENTERPRISE
500265,HOLLY (WEIHAI) NEW MATERIALS
500333,HOPE CHEMICAL TRADING
100780,HOTCHAND KANAIYALAL
114149,HOTEL VRINDAVAN
104223,HUNDALDAS MEHULMAL
115010,HUNY ENTERPRISES
112100,HUSAIN TRADING
114982,INDIAN SALES
103103,INDIA TRADING CO CHIPLUN
152729,INDORI TRADING CO.
114568,INDRA SALES AGENCIES
115102,INDUS MEGA FOOD PARK PVT LTD
152822,INKFLOW SERVICES PRIVATE LIMITED
113329,INNOVATIVE RETAIL CONCEPTS PVT LTD
153245,INNOVATIVE SOCH
500303,IRVA S.A.R.L
100805,ISMAILBHAI MOHAMEDBHAI AND CO
100789,I S TRADING CO
152903,IYARKAI FOOD PRODUCTS
100042,JAANKI PADMA OIL PRIVATE LTD
109708,JADESWAR KIRANA BHANDAR
109421,JAGANNATH PROTINS
112322,JAGDAMBA TRADING CO
100838,JAGDISHCHANDRA JAYANTILAL
152897,JAGDISH PROTEINS
113944,JAGDISH TRADERS
100823,JAGDISH  TRADING CO
112263,JAIDEV TRADING COMPANY
100857,JAINAM TRADING CO.
114232,JAIN OILS AND FOODS LLP
100851,JAIN OIL TRADING CO
100852,JAIN SOAP MILLS
100854,JAIN SUPER BAZAR
113304,JALARAM ENTERPRISE
105021,"JALARAM ENTERPRISE -KAKA COMPLEX,RA"
106704,JALARAM ENTERPRISE  KALUPUR
104682,JALARAM ENTERPRISE  NADI BAZAR DHO
109785,JALARAM GENRAL STORES (RAMAPIRCHOWK
152821,JALARAM OIL CENTER
100864,JALARAM OIL DEPO
105025,JALARAM PROVI-ALKAPURI RAIYA ROAD
105024,JALARAM PROVI & JANARAL-RAVI RESIDE
105023,JALARAM PROVI - KOTHARIYA SOLVNT
109727,JALARAM PROVISION STORES (MADHAPAR)
105026,JALARAM SALES - KOTHARIYA SOLVANT
104230,JALARAM TRADERS  BHAYANDAR
113142,JALARAM TRADERS  SOJITRA
115048,JALARAM TRADING
152968,JALIYAN ENTERPRISE
100873,JALIYAN OIL DEPO
106710,JALIYAN OIL TRADERS
109592,JALIYAN PROVISION STORE (KOT.SOL)
110749,JAMNA OIL INDUSTRY
113896,JANKI ENTERPRISES
100879,JANKI TRADERS
100880,JANKI TRADERS
109966,JANTA KARIYANA STORE (KALAVAD)
109986,JANTA PROVISION STORE (VIRNAGAR)
105030,JANTA PROVI STROES -MOTA MAVA
113036,JANTA STORES
500403,Jasmore & Co. S.A
104232,JAWAHAR OIL CENTER
109715,JAY AMBE GENERAL STORE (KALAWADROAD
114281,JAY AMBE GENERAL STORES
114649,JAY AMBE SALES
109035,JAY AMBE TRADERS
100900,JAY AMBE TRADING CO
107819,JAY ANKUR TRADERS
100942,JAYANTILAL K SHAH
109081,JAYANTILAL NYALCHAND AND CO
100901,JAY BABA RAMDEV TRADERS
100902,JAY BHAGWAN TRADING CO
113910,JAYBHAVANI AGRO PROTEINS
112289,JAY BHAVANI TRADING COMPANY
114218,JAY BHOLE TRADING CO
110980,JAY BOLENATH MARKETING
114355,JAYENDRAKUMAR RAMLAL KHATRI
100907,JAY ENTERPRISE
114778,JAYESH AGENCY
100947,JAYESH JINNING FACTORY
108712,JAY GOGAJI TRADERS
100912,JAY GOVARDHAN PROV STORE KOYALI
100915,JAY HIND TRADING CO
105031,JAY JALARAM PROVI - BRAMHASAMAJ NI
109755,JAY JALARAM PROVISION STORE
100925,JAY JULELAL TRADRES.
114369,JAY KUBER TRADERS
114525,JAY LAXMI TRADERS
101291,JAY MALGURU TRADERS
152738,JAY MATAJI ENTERPRISE
114678,JAY NARAYAN TRADERS
114648,JAYNATH DISTRIBUTORS PRIVATE LIMITE
153174,JAY OIL INDUSTRIES
111383,JAY PADMAVATI TRADING
105033,"JAY PROVI - JALARAM 2, UNIVERCITY R"
112466,JAYSHREE INDUSTRIES
152836,JAY SOMNATH OIL INDUSTRIES
152974,JAY TRADERS
104701,JAY TRADERS -MANAVADAR
115038,JB OILS PRIVATE LIMITED
110681,JENTILAL NANAJIBHAI (CHUNARAVAD)
114046,JHULELAL TRADING
111706,JIGNESH TRADERS
100962,JITENDRAKUMAR BHAGVANDAS DHARMANI
100960,JITENDRA OIL TRADERS
100964,JIVAN ENTERPRISES
115091,J.J.ENTERPRISE
152924,J.K.BOX MANUFACTURERS
500308,"JM COMMERCE CO., LTD"
108642,J M ENTRPRISE
100814,J P BROTHERS
152899,J P OIL INDUSTRIES
152950,J P SALES AGENCIES
153146,J R Foods & Beverages (Potato Chips
500371,JSC “BELHIMSET
114577,J S PARTNERS
500360,JV YUKOIL LLC
112760,JYOTI SOAP FACTORY TRADING VIBHAG
109941,KABIR GENERAL STORE (SUBHASHNAGAR)
100990,KABRA AND COMPANY
100991,KABRA TRADERS
153249,KABRA TRADERS
100994,KADI TALUKA KHARID VECHAN SANG
100997,KAILASH AGENCY DAHEJ
110318,KAILASH KIRANA STORE
114551,KAILASH TRADERS
101001,KAILASH TRADING CO
111977,KAILASH TRADING CO.
101002,KAILASH TRADING COMPANY
115050,KALINDI ENTERPRISE
101006,KALOL SHAHKARI KHARID VECHAN SANGH
114282,KAMAL OIL DEPOT
101009,KAMAL TRADERS
114495,KAMAL TRADING COMPANY
101010,KAMAL TRADING CO SIDDHPUR
114823,KAMLA GENERAL STORE
101026,KANAIYALAL MADHAVDAS
109750,KANAIYA PROVISION STORE
101019,KANAIYA  STORES
101022,KANAIYA TRADERS
101024,KANAIYA TRADING CO
101027,KANAK CORPORATION
109216,KANAK OIL INDUSTRIES
108848,KANERIYA OIL INDUSTRIES-ADRAJ
152961,KANTILAL MOTILAL & CO
113450,KANUBHAI GORDHANDAS
105045,KAPURCHAND CHAKU BHAI.PADADHARI
114622,KARAN ENTERPRISE
500338,KARINA PLÁSTICOS LTDA
112326,KARISHMA TRADING CORPORATION
111351,KARMACHARI DHIRAN AND GRAHAK SAHAKA
112612,KARMA FOUNDATION
109336,KARMYOGI MART LIMITED
152862,KARNISINHJI KISHANSINHJI DESAI
101050,KARSANBHAI RANCHHODBHAI
111385,KAVITA ENTERPRISES
152827,KAYEM ENTERPRISE
114163,KCDC FOODS PRIVATE LIMITED
114155,KEDAR COTTON INDUSTRIES
113747,KEDAR ENTERPRISE
115055,KENIL HEALTHCARE PVT LTD
100275,KESHAV ENTERPRISES
112298,KESHAV HOLIDAY RESORT PVT LTD
111023,KESHO RAM MANGLA OIL INDUSTRIES
500410,K. F. Trading Co. Ltd.
101060,KHADIYA NAGRIK CONS CO OP STORE
101062,KHANAT TRADERS
103516,KHANDULAL JAVERCHAND -- KALAVAD
108992,KHATRI KIRANA STORE
101065,KHEMCHAND HIRACHAND SHAH
113062,KHODIYAR AGENCY
109942,KHODIYAR GENERAL STORE (BSRCK)
105048,KHODIYAR JANRAL & PROVI - SAKMARKET
105053,"KHODIYAR PROVI - JAGDISH BHAI,PARAD"
105058,"KHODIYAR PROVI-NANDAHALL NI PACHAD,"
105054,KHODIYAR PROVI - SAPAR VERAVAL MAIN
115099,KHODIYAR PROVISION STORE
109625,KHODIYAR PROVISION STORE (POPATPARA
109655,KHODIYAR SHOPING CENTER (MAUDI)
101070,KHUSBU ENTERPRISES
115054,KHWAJA TRADERS
115026,KIRANAKART TECHNOLOGIES PRIVATE LIM
111658,KIRAN OIL DEPOT
101077,KIRAN TRADING CO
111721,KIRITKUMAR DALSUKHBHAI THAKKAR
106734,KIRITKUMAR RATILAL.DWARKA
101079,KIRIT SUGAR MERCHANTS
110019,KIRSHNA GENERAL STORE (RAIYA)
103907,KIRTIRAJ OIL INDUSTRIES
108406,KISAN OLEOCHEM DERIVATIES PVT LTD
105061,KISHORBHAI POPATLAL-SARDHAR
114111,KK ACIDS AND CHEMICALS PVT LTD
114481,KKALP OILS
115013,KN AGRI RESOURCES LIMITED
153023,KOKUYO CAMLIN LIMITED
101097,KOMEL TRADING
101098,KOTAK  BROTHERS
115039,KOTYARK INDUSTRIES LIMITED
109521,K.R.FOODS LTD.
108652,KRISHNA ANTIOXIDANTS PVT.LTD
101107,KRISHNA ENTERPRISE VASTRAL
114937,KRISHNA GLOBAL INDUSTRIES
114519,KRISHNA MARKETING
113691,KRISHNA MOHAN OVERSEAS (INDORE) PVT
114360,KRISHNA PROTEINS
105066,KRISHNA PROVI - PEDAK ROAD
152887,KRISHNA PROVISON STORE
101108,KRISHNA SARDAR
105070,"KRISHNA SHOPPING  - PAVAN PARK, KAL"
101115,KRISHNA TRADERS
114538,KRISHNA TRADERS
153005,KRISHNA TRADERS
114968,KRISHNA TRADERS  DIYODAR
101110,KRISHNA TRADERS  SURENDRANAGAR
111376,KRISHNA TRADING
114246,KRISHWA ENTERPRISE
500021,KROMO KIMYA MUM.DAH.TIC.VE SAN.LTD.
105073,KRUSHNAKRUPA TRADING CO. - KOTHARIY
101125,KRUSHNA TRADERS  KHOKHRA
100989,K S TRADERS
113671,KULDEEP KARIYANA STORES
105074,"KULDEVI PROVI - VINOD BHAI ,METODA"
101129,KUMAR TRADERS  SOJITRA
112578,KUSHAL REFOILS
103911,KUSH PROTEINS PVT. LTD.
101137,LADOL VIVIDH KARYAKARI SAHKARI
101138,LADOL VIVIDH KARYAKARI SANGH LTD
105076,LAKSAMI PROVI STORE -AMRAPALI TALKI
109805,LAVJIBHAI RANCHHODBHAI
105077,LAXMANBHAI JINABHAI - SARDHAR
109031,LAXMI GENERAL STORE
103912,LAXMINARAYAN TRADERS
111493,LAXMI PROTEINS
105078,LAXMI PROVI - SARDHAR
112919,LAXMI TRADERS
109126,LAXMI TRADERS  DEHGAM
101162,LAXMI TRADERS NANDASAN
114606,LAXMI TRADING CO
111662,LAXMI TRADING CO-HARIJ
101136,L B TRADERS
113115,LEGACY COMMODITIES PRIVATE LIMITED
115040,LEGACY IMPEX PVT LTD
500196,"LIANYUNGANG DAHUA IND CO,LTD."
112323,LINE O MATIC GRAPHIC INDUSTRIES
114956,LIVERBIRD INTERNATIONAL PVT LTD
101169,LODRA VIVIDH KARYAKARI SAHKARI MAND
153228,LOHIYA EDIBLE OILS PRIVATE LIMITED
114005,LOKESHWARI TRADERS
111551,LOK PRAKASHAN LIMITED
153031,LOK PRAKASHAN LIMITED
105079,LUNAI KRUPA KIRANA - 7LAXAMI NAGAR
113033,MAA ASHAPURA PROTINES
105080,MAA BHAVANI PROVI -PADADHARI
114122,MAA INDUSTRIES
101195,MAA KA BHANDARA PADYATRI SEVA TRUST
152832,MAA VAISHNAVI BRICKS MANUFACTURERS
111603,MADANLAL RANGLAL MUNDRA
113093,MADAN LAL SAMPAT LAL KOTHARI
108330,MADHAVI OIL TRADERS
112609,MADHAVLAL ATMARAM PETHI
101204,MADHAV OIL INDUSTRIES
103532,MADHAV PROVISION STORE  KHODIYAR C
109603,MADHAV PROVISION STORES  (UNI ROAD)
152764,MADHAV SALES
111011,MADHAV TRADERS
500441,Magri DMCC
111611,MAHADEV ENTERPRISE
110363,MAHADEV PROVISION STORE (V.SAPAR)
110625,MAHADEV TRADERS
113962,MAHAKALI CATTLE FOOD STORES
105086,MAHAKALI PROVI -SAPAR VERAVAL
153158,MAHAKALI TRADERS
112803,MAHALAXMI ENTERPRISE
114498,MAHALAXMI JUTE INDUSTRIES
101230,MAHALAXMI KIRANA STORE
103917,MAHALAXMI OIL INDUSTRIES-
115086,MAHALAXMI TRADING
106763,MAHARAJA SUGAR SALES  MANINAGAR
101241,MAHARAJA TRADERS
107605,MAHARASHTRA KIRANA STORES
108586,MAHARASHTRA OIL DEPOT
115096,MAHAVEER SUPER STORE
113847,MAHAVIR CORPORATION
153035,MAHAVIR CORPORATION
153177,MAHAVIR CORPORATION
109689,MAHAVIR GENERAL STORES (PATEL VADI)
105088,MAHAVIR GENRAL STORE -VIMAL NAGAR U
114441,MAHAVIR MARKETING
101249,MAHAVIR OIL CORPORATION
152937,MAHAVIR SALES CORPORATION
105090,MAHAVIR STORES (BABARAVADA) - RAIYA
110871,MAHAVIR SUPER MARKET (KALAVADRD
152848,MAHAVIR TRADERS
101252,MAHAVIR TRADERS  CHIKHALI
110150,MAHAVIR TRADING CO (DHROL)
101257,MAHAVIR TRADING  KALOL
101264,MAHENDRA TRADERS  LIMBAYAT ROAD
110255,MAHESH BROTHERS (RAIYAROAD)
153156,MAHESH ENTERPRISES
112934,MAHESHKUMAR FUSARAMJI KHATRI
103919,MAHESH MASALA GRUH UDHYOG
116140,MAHESH OIL REFINERY
105092,"MAHESH PROVI -,KHODIYARPARA,JAYVIJA"
101272,MAHESH TRADERS
101273,MAHESH TRADERS
153078,MAHESH UDYOG
103922,MAHESHWARI SALES AGENCY
114663,MAHESHWARI TRADING CO
103839,MAHESHWARI TRADING COMPANY
105095,"MAHESWARI PROVI - GANDHI SOCITY,PRA"
152953,MAJISA MARKETING
500433,MAKROCHEMICAL ENDUSTRIYEL KIMYASALL
101292,MALHAR TRADING CO
152973,MALHOTRA BROS & CO PRIVATE LIMITED
101293,MALU TRADERS
112682,MAMA SETH AND COMPANY
105373,MANAK CHAND TARA CHAND
101301,MANGAL AGENCY
112010,MANGALAM GLOBAL ENTERPRISE LIMITED
101303,MANGALAM TRADERS
101302,MANGAL TRADING CO
105097,MANIDHAR PROVI - KHIJADA ROAD.SANJA
152757,MANISH AGRO TECH LIMITED
109754,MANOJKUMAR JENTILAL (J/N)
104746,MANOJ TRADING  JETPUR
109317,MANSI CATERERS
101322,MANTHAN SAGAR PROVISION STORES
101323,MANTORA OIL PRODUCTS PVT LTD
110901,M.A.PROVISION STORE(SADHUVASNIROD
152898,MARICOM AGRO PRIVATE LIMITED
113400,MARUDHAR ENTERPRISE
153234,MARUTI METAL INDUSTRIES
101345,MARUTINANDAN OIL DEPOT
112829,MARUTI OILS
110187,MATA BALA SUNDRI SALES CORPORATION
112712,MATARANI TRADERS
114352,MATESHWARI SUPER STORE
114517,MATRIX LIFE SCIENCE PVT LTD
104260,MAURYA OIL DEPO
108480,MAVJI HARIBHAI OILCAKE INDUSTRIES
106780,"MAYUR PROVI - MAYUR BHAI,DEVPARA SA"
100073,M.B. AGENCIES
107551,M D AND CO
114766,M D INDUSTRIES
500349,Meade-King Robinson & Co. Ltd.
105103,MEERA PROVI-UNIVERCITY ROAD
152798,MEET CHEMICALS
109444,MEET ENTERPRISE
152809,MEGA MART
114963,MEHTA TRADING
110977,MIHIR KIRANA STORES
108311,MIHIR TRADING
108627,MILAN ENTERPRISE
114886,MILAN INDUSTRIES
111035,MILAN OIL INDUSTRIES
101372,MINESH RAMCHANDRA
114914,MISHA ENTERPRISE
110695,MISHIKA ENTERPRISE
101180,M J KOKNIWALA
101172,M J TRADING CO
112928,M J TRADING CO
106751,M K TRADERS  SARKHEJ
101184,M M VORA
115090,MODERN DAIRIES LTD
114697,MODERN GENERAL STORE
105104,MODERN SUPER MARKET-150 FIT ROAD
101378,MODHESHWARI TRADERS
113630,MODULUS COSMETICS PRIVATE LIMITED
106785,MOHAMADALI BATA KIRANA MERCHANT
101393,MOHANLAL JAMNADAS
101394,MOHANLAL KACHARALAL
101398,MOHANLAL RAYCHAND MODI
114338,MOHAN TRADERS
152818,MOHINI ORGANICS PRIVATE LIMITED
115072,MONICA ENTERPRISES
106791,MOON LIGHT TRADRES  KALUPUR
500404,Mosselman Oleochemicals
114960,MOTAPA CASTING INDUSTRIES
112208,M P ENTERPRISES
101173,M RASIKLAL AND CO
152900,M RASIKLAL AND CO
101185,M R  ENTERPRISE
113390,M SAMIR & CO
114977,M/s BHOLE ENTERPRISE
114730,M/s FLAVOURS OF SINDH
152790,M/S. ISMAILBHAI MOHMEDBHAI & CO.
152939,M/S KARSANDAS RANCHODDAS
152737,M S LAXMI NARYAN TRADERS
153022,M/S MAHADEV AGRO OILS
100070,M/S M.D.HOMOEO LAB. PVT.LTD.
116163,M/S OM GREIHA UDYOG
153052,M/S. OM SHRI AGRO INDUSTRIES
114836,M/S SHAGUN ENTERPRISES
114854,M/S SURAJ SHREE CHEMICALS LTD
112108,MUDRA MARKETING
106797,MUKESH CORPORATION
111516,MUKESH TRADING
101416,MUKHI SALES KANODAR
101417,MUKTJIVAN TRADERS  KOKHRA
106799,MURLIDHAR JANRAL STORES -HARIPAR PA
110916,MURLIDHAR KARIYANA (KALAVAD)
105110,MURLIDHAR PROVI - METODA G.I.D.C
105111,MURLIDHAR PROVI STORE -GANDHI GRAM
500429,"Musim Mas, PT"
101428,MUSTAFA TRADING
112590,NAGOD RUNDHWADA V KA SAHAKAR
115022,NAJMUDDIN TRADING CO.
111380,NAKODA SALES AGENCY
103166,NAKODA SUPER MARKET
101442,NAMDAR TRADING CO
113838,NANDI SUGAR
500359,"NANJING YEDU TRADE CO., LTD"
153045,NARAYANA AGRO OILS PRIVATE LIMITED
103167,NARAYANI TRADING CO
113990,NARENDRA KIRANA STORE
101464,NARENDRAKUMAR AND BROTHERS
101469,NARESH TRADERS
111152,NARMADA BIO CHEM LIMITED
111806,NARMADA KRUPA ANAJ TEL BHANDAR
152948,NARMADARAJ INDUSTRIES LIMITED
152956,NARMADA SENDRIYA FERTILIZERS
109422,NATIONAL TREADING COMPANY
153242,NATRAJ INDUSTRIES
113172,NAVDEEP GENERAL STORES
109731,NAVDEEP PROVISION STORE (V S)
109507,NAVKAR KIRANA STORES
110809,NAVKAR OIL AND FOOD
114512,NAVKAR TRADERS
108636,N.B.BROTHERS -RAIYAROAD
153058,NEEMUCH PROTEINS LIMITED
111424,NEMI AGRI BUSINESS
111878,NEMINATH TRADERS  MADHI
114553,NEMINATH TRADERS  VYARA
153014,NEW BALAJI SUPER MARKET
152840,NEW CHAMUNDA KIRANA STORE
111851,NEW DEVANSH TRADING
153175,NEW GAJANAND TRADERS
153148,NEW HI-TECH PLASTICS ADDITIVES
110292,NEW MATRI SUPER MARKET(KRUSH)
108370,NEW RAMDEV TRADING MANSA
101512,NIKHIL ENTERPRISE
110876,NIKUNJBHAI MANOJBHAI (TANKARA)
110994,NILESHKUMAR RAMANLAL SHAH
112334,NILESH TRADING CO
101522,NILKANTH OIL DEPO
110266,NILKANTH PROVISION STORE (AMBIKATOW
101525,NILKANTH TRADING CO  MORBI
109994,NILKHANTH GENRAL STORE (INDRAPRASTH
105119,NIRALI PROVI - KHODIYAR PARA
103575,NIRAV TREDERS  JAMNAGAR
108996,NIRMA LIMITED-MANDALI
107285,NITIN KUMAR & BROTHERS - SARDHAR
101535,NITIN TRADING CO
113753,N J SONS RETAIL GROUP
111825,N J TRADERS
1201,N. K. INDUSTRIES LTD.
1104,N K Proteins ltd-Olixer STO
1111,N K PROTEINS PRIVATE LIMITED MUNDRA
1109,N K PROTEINS PVT LTD-PALANPUR
110925,NOVINO SOAP & CHEMICALS
101541,NURBHAI IBRAHIM AND CO
101542,NURBHAI PIRBHAI AND CO
109469,NURE MOHMADI
101543,NURUDDIN KALABHAI BEKHUSHI AND SONS
109067,NUTAN TRADERS
152933,NUTRI AGRO EXPORTS PVT LTD
114181,OLIXIR LOCAL SALES
153033,OLIXIR RETAILS (LOCAL)
101552,OLPAD GROUP CO.OP.TUVE.DAL & BHOU S
109591,OM AGENCY
113779,OMEL INDUSTRIES
109717,OM GENRAL STORES (SATYSAIROAD)
114966,OM INTERNATIONAL
110377,OM PROVISION STORE (GANDHIGRAM)
107908,OM SAI OIL TRADERS
109559,OM SAI PROVISION STORE (SHRIJI COM)
152750,OM SHANTI KIRANA
153059,OM SHIV GANESH INDUSTRIES
100036,OM VISHNU BRICKS INDUSTRIESLLP
153136,ONKAR LAL KALU LAL JAIN
500402,Organic Rocks Fertilizer LLC
106825,ORNA GRUP VIVIDH KARYAKARI S MAN
114309,OSWAL TRADING
110534,OZONE PROCON PRIVATE LIMITED
114996,PACE VENTURES PRIVATE LIMITED
153012,PACIFIC INDUSTRIES
152992,PACIFIC OVERSEAS
153037,PACIFIC OVERSEAS
105393,PADMA TRADERS
115025,PADMAVATI SALES AGENCY  AHMEDABAD
152883,PALAK ENTERPRISE
114952,PALIWAL MARKETING
109399,PANCHOLI ARVIND VADILAL
103177,PANKAJ JAIN IND  NEW DELHI
101585,PANNALAL JAGDISHCHANDRA
101586,PANPALIYA TRADERS
105395,PARAS GENERAL STORE
101590,PARASNATH FOOD PRODUCTS
114054,PARAS OILS
105127,"PARAS PROVI - ASHOK BHAI,LAXAMIVADI"
101588,PARAS TRADERS
152723,PARAS TRADERS
105396,PARAS TRADING COMPANY
114693,PARESH ENTERPRISE
104778,PARESH TRADERS
108600,PARISHI ENTERPRISES
101597,PARISHRAM TRADING CO
101598,PARKAR OIL ENTERPRISE
116138,PARLE BISCUITS PRIVATE LIMITED
115043,PARSHWANATH TRADING
115042,PARSHWAPADMAVATI TRADING
105131,"PARSVA PROVI - 150FT RD, BIG F.M NI"
110973,PARTH TRADING CO
101605,PARVSHNATH TRADING COMPANY
153162,PASAND BIOTECH
111788,PASAND DRILLING FLUID TECHNOLOGY
153243,PASAND OILTECH
153244,PASAND SOAP AND CHEMICAL INDUSTRIES
153163,PASAND SPECIALITY CHEMICALS
152868,PASHUPATI COTSPIN LIMITED
113387,PASHUPATI COTTON INDUSTRIES
113992,PATANJALI FOODS LIMITED
111572,PATEL CHANDULAL VASHRAMBHAI
110274,PATEL GENERAL STORE (AMBIKATOWN)
109797,PATEL GOVINDBHAI POPATBHAI
109596,PATEL GRUH VASTU BHANDAR (SORA)
107729,PATEL PRABUDAS KISHORDAS B P TRUST
112332,PATEL PRAVINKUMAR AMRUTLAL
112119,PATEL RAMJIBHAI PARBATBHAI AND CO
109801,PATEL RAVJIBHAI VIRAJIBHAI
152884,PATEL SNEHAL BHARATBHAI
113887,PATEL TRADING COMPANY
153179,PATEL VINODKUMAR RANCHHODLAL
110867,PATEL VIPULKUMAR HASMUKHRAI
152911,PAVAN SHREE AGENCY
114129,PAWAN TRADERS
500321,PCG PCC OXYALKYLATES SDN. BHD.
153178,PEE CEE COSMA SOPE LIMITED
101623,PETLAD TALUKA VEPARI SANGH
101624,PINJARAT SEVA SAHKARI MANDALI LTD
114712,PIONEER HOSPITALITY SERVICES
105147,PITRUKRUPA PROVI -  METODA G.I.D.C
109478,PIYUSH KIRANA STORES
105148,"PIYUSH PRAVI - RAIYA ROAD,KANAIYA C"
101627,PIYUSH TRADERS  KHOKHRA
101628,PIYUSH TRADERS  THAN
113761,POOJA PHARMA
101634,POOJA TRADERS
100199,POOJA TRADING COMPANY
153167,POONAMJI OIL INDUSTRIES PRIVATE LIM
152839,POPATLAL AMTHALAL SHAH
153041,POPULAR TRADERS
107500,PRABHAT ENTERPRISE
114762,PRABHAT KIRANA STORES
101636,PRABHAT TRADING CO
106837,PRADIP TRADERS  ISANPUR
104788,PRAFULCHANDRA AND CO
152888,PRAGATI GENERAL STORES
152931,PRAGJI GOPALJI AND SONS
110585,PRAJAPATI PROVISION (BAJRANGVADI)
105398,PRAKASH AGENCIES
108982,PRAKASHKUMAR AND COMPANY  KALOL
110674,PRAKASH SUPER STORES
111167,PRAKASH TRADERS BHANVAD
112740,PRAKASH TRADING CO
107095,PRAMUKH COTTON. -
113451,PRAMUKH GENERAL TRADERS AND SUPPLIE
101660,PRASHANT CHAMPAKLAL
153209,PRATAAP SNACKS LIMITED (UNIT-II)
106844,PRATHAM AGRO VET IND
101661,PRATHAM ENTERPRISE
112228,PRATHAM TRADERS
115058,PRAVINKUMAR KESHAVLAL PATEL
101664,PRAVIN TRADING CO
101670,PREMCHAND AMRUTLAL
101676,PRIYAG TRADERS
100276,P.R.S.MILLS
111117,PRUSHTI PROVISION STORE (MAUDI)
114759,P SONI JEWELS LLP
500304,PT  ALKINDO MITRARAYA
500409,PT. Fis Inti Sejahtera
500434,PT. Tri Berkat Oleochem
105151,PUJA PROVI STORE-BHAGAT SINH GARDEN
111031,PUNAGRI ENTERPRISES
101683,PUNEET UDYOG
113971,PUNGALIA TRADERS
114631,PUREWAYS AGRO OILS PVT LTD.
112433,PURV TRADING COMPANY
113573,QUBIC ENGINEERING SOLUTIONS
153043,RABBANI TRADERS
100006,RACHANA SABUN UDHYOG
152799,RADHAKRISHNA TRADING COMPANY
114408,RADHE ENTERPRISE
101715,RADHE ENTERPRISE.UPLETA
113010,RADHE PROVI STORES LAXMINAGAR
109586,RADHESHYAM GENERAL STORE & DARY FRA
111798,RADHESHYAM TRADING CO
113636,RADHYA TRADERS
114291,RAGHAV ENTERPRISE
109730,RAGHUNANDAN PROVISION STORE (S V)
110522,RAGHUVANSHI PROVISION (KOTH.SOLVNT)
109729,RAGHUVIR PROVISION STORE (V S)
113139,RAHAT KIRANA STORE
105166,"RAHIM STORE-SANTKABEER ROAD,SHAKTI"
112936,RAHUL TRADERS
110751,RAJA CORPORATION
114688,RAJA ENTERPRISE
101744,RAJASTHAN PROVISION
101745,RAJAT ENTERPRISE
114947,RAJA VIHAT SCRAP
112133,RAJENDRAKUMAR BADAMILAL SHAH
101753,RAJENDRAKUMAR RAMESHKUMAR AND CO
113334,RAJESHKUMAR JAYANTILAL AND CO
112463,RAJESHKUMAR SHANTILAL
152736,RAJESHKUMAR SHANTILAL DOSHI
100263,RAJESH OIL MILL
113802,RAJESH TRADING CO
153176,RAJGOR PROTEINS LIMITED
103959,RAJ INDUSTRIES - NALGADH
112345,RAJIV PETROCHEMICALS PVT LTD
109928,RAJKAMAL TEA DEPO
107299,RAJ KIRANA -GANDHI GRAM
101763,RAJKOT OIL DEPO
104273,RAJ OIL CO
153180,RAJ OIL ENTERPRISES
113359,RAJ SOLVEX PRIVATE LIMITED
111305,RAJ TRADERS
115045,RAJUL PROVISION
105168,"RAJ VASTU -RAIYA ROAD,AMBIKA PARK P"
101779,RAKESH TRADERS-
101780,RAKESH TRADERS  VADHVAN
116143,RAMA IMPEX
152795,RAMALINGAM AGRO TECHQ
101792,RAMANLAL FULCHAND
152922,RAMAPIR SALE AGENCY RANIWARA
104811,RAMCHANDANI BROTHERS
112927,RAMDEV FOOD PRODUCTS PRIVATE LIMITE
111670,RAMDEV OIL
114689,RAMDEV OIL
111722,RAMDEV PROTEIN
105178,RAMDEV PROVI STORE -KOTHARIYA ROAD
111785,RAMDEV TRADING CO
153168,RAMDUT OIL AND FATS
101809,RAMESHCHANDRA THAVARDAS GWALANI
110682,RAMESH PROVISION STORE (CHUNARAVAD)
153151,RAMESHWARI TRADERS
101814,RAMESHWAR TRADERS
114507,RAMGOPAL RATANLAL
101822,RAMNIKLAL MAGANLAL
104528,RAM RATTAN VIJAY KUMAR
101828,RANCHHODRAI GOODS
105182,RANCHODRAI KIRANA - GANDHI GRAM
106876,RATILAL AND SONS  SOLA
102896,RAVI KIRANA STORE BORSAD
100259,RAVINDRA OIL  INDUSTRIES
105184,RAVI PROVI - SARDHAR
101854,RAVJIBHAI AND SONS
109519,R D ENTERPRISE
108366,R D SALES  CORPORATION  AHMEDABAD
101695,R D SALES CORPORATION  SURAT
111317,REAL AND NATURAL HERBALS
114620,Reliance Retail Limited
100277,RELIANCE RETAIL LIMITED INDORE
113798,RELIANCE RETAIL LIMITED JAMNAGAR
113382,RELIANCE RETAIL LIMITED JHAJJAR
152901,RELIANCE RETAIL LIMITED LUCKNOW
114078,RELIANCE RETAIL LIMITED RAIPUR
113380,RELIANCE RETAIL LIMITED RAJPURA
114735,Reliance Retail Limited SAAH
114734,Reliance Retail Limited SH71
114934,RELIANCE RETAIL LIMITED SL6S
152860,RELIANCE RETAIL LIMITED Zundal
113114,RELIANCE RETAIL LTD AMBAWADI
114637,Reliance Retail Ltd Aslali
113641,Reliance Retail Ltd Iscon 6202
108300,RELIANCE RETAIL LTD SMART  AHMEDABA
108616,RELIANCE RETAIL LTD SMART SURAT
113768,RHEA ASSOCIATES
500277,Ricinomex S de RL de CV
113784,RIDDHI METAL AND CHEMICALS
105406,RISHABH KIRANA STORE
109466,RITESH INTERNATIONAL LTD
111949,RIYA TRADERS
152904,R.K TRADERS
114709,ROHIT ENTERPRISES
152850,ROHIT TRADERS
107404,RONAK AGENCY
107840,ROOP RAJAT TRADING CO
101870,ROSHANI TRADING CO
110322,ROYAL SUPER MARKET(NANDANVAN2)
109392,ROYAL TRADING
101704,R.R. CORPORATION
152893,R SHANTILAL & CO
152725,RUBBER KING TYRE PVT LTD
105191,"RUCHA PROVI-SETH NAGAR,JAMNAGAR ROA"
153193,RUDRA ENTERPRISE
153154,RUSHABH INDUSTRIES
100033,RYSA AGRI PRODUCTS LLP
110634,SABNAM PROVISION STORE (CHUNARAVAD)
105194,SADGURU PROVI -  LAXMI NAGAR (G.E.B
100027,SADGURU SALES AGENCY
101895,SADGURU TRADING CO
108583,SADIKALI MAHMADALI
112809,S A ENTERPRISE
153164,SAGAR BARDAN BHANDAR
152892,SAGAR INTERNATIONAL
105199,SAGAR PROVI - SAPAR VERAVAL
107311,"SAHAYOG PROVI - SAHAYOG COMPALEX,ME"
101902,SAHIM SALES AGNENCY
113841,SAHJANAND INDUSTRIES
109866,SAHJANAND KIRANA BHANDAR (KALAWAD R
114542,SAI CHEMICALS
114119,SAI DISTRIBUTORS
114422,SAI DRISHTI
101905,SAI KIRANA STORES
101910,SAIKRUPA OIL CENTER
101911,SAINATH ENTERPRISE
152962,SAI SMARAN FOODS PVT LTD
152824,SALASAR AGROVAT PRIVATE LIMITED
113769,SALES OLIXIR (LOCAL)
113770,SALES OLIXIR (OUTSTATE)
114417,SAMIR TRADING CO
116169,SAM'S MARKET
153150,SANGAM SALSE PRIVATE LIMITED
152873,SANGHARSH LIFECARE PVT LTD
101927,SANGNA TRADING CO
112292,SANJAY PACKAGING
153240,SANJAY SABOON UDYOG
111947,SANJAY SOLVEX PRIVATE LIMITED
152976,SANJAY SOYA PRIVATE LIMITED
112773,SANJAY STORES
101931,SANJAY TRADING CO
101940,SANKARCHAND JECHAND AND SONS
108334,SANTKRUPA ENTERPRISE
105204,SANTOSH JANRAL STORES  - MOTA MOUVA
113019,SANTOSH METAL
103209,SANTOSH OIL MILL
113889,SANTOSH TRADERS
114203,SANVALIYA TRADERS
113060,SARASWATI INDUSTRIES
101953,SARASWATI TRADING CO
114103,SARASWAT KIRANA STORES
112942,SARDAR AGRO AGENCY
101954,SARJIT TRADERS
101955,SARTHI TRADERS
103979,SARVODAYA REFINERY PVT. LTD.
152728,SARVODAY OIL INDUSTRIES
109970,SARVODAY VASTU BHANDAR (KALAVAD)
105208,SATANI JANRAL STORES -MUNJKA
105209,SATNAM  JANRAL -JAKSAN
110949,SATNAM KIRANA BHANDAR
111461,SATYAM SALES AGENCY
101963,SATYANARAYAN TRADERS
101968,SAURASTRA SUGAR CORPORATION
152722,SAVATTA FOOD PRIVATE LIMITED
101881,S A VORA
101970,SAYAN KHAND UDHYOG  FACTORY
101971,SAYAN KHAND UDHYOG  SHOP
109802,SEJPAL SWEET MART (TANKARA)
500198,SEL SAFAA COMPANY
101975,SEVANI KHETI PAK RUPANTER
152783,SHAGUN PHARMACEUTICALS
101978,SHAH AND COMPANY
112744,SHAH CHANDRAKANT LAHERCHAND
152763,SHAH JETHALAL DOONGARSHI & CO
103218,SHAH RAJNIKANT RAMANLAL & CO
111990,SHAH RAMESHCHANDRA AMRUTLAL AND CO
113269,SHAH TRADERS
101983,SHAIKH ALIHUSAIN E PITOLWALA
114708,SHAILESH TRADERS
103221,SHAKTI INDUSTRIES.
113947,SHAKTI S MART
101988,SHAKTI TRADERS
153152,SHALEEN ENTERPRISES
500442,Shanghai caicheng international tra
500264,SHANGHAI CHOSEN CHEMICAL
500297,Shanghai Fuming Sealing Materials C
500384,SHANGHAI HOLLY CHEMICAL LIMITED
500153,"Shanghai Yong Lan Int. Trade Co.,Lt"
112315,SHANKERLAL MOHANLAL GURU HUF
106921,SHANTINATH TRADING CO  MEGHANINAGA
102015,SHANTINNATH TRADING CO BHILAD
500286,Shanxi Jinchi International
103035,SHEO NARAIN MAL RAM AUTAAR
107559,SHETH DIPAKBHAI JAMNADAS AND SONS
108532,SHITAL INDUSTRIES PVT. LTD
102024,SHITAL TRADING
152727,SHIVAJI TRADERS
102043,SHIVAM ENTERPRISE
111456,SHIVAM ENTERPRISE
109724,SHIVAM KIRANA BHANDAR (S V)
112759,SHIVAM OIL TRADERS
109783,SHIVAM PROVISION STORES (GANDHIGRAM
109481,SHIVAM TRADELINK
153212,SHIV EDIBLE OILS
105221,SHIV GENARAL STORE -AIRPORT ROAD
105222,SHIV GORAKS PROVI-SASTRI NAGAR
114528,SHIVKRUPA TRADING CO
102026,SHIV KRUPA TRADING  DEESA
105223,SHIV PROVI STORES -SARDHAR
153157,SHIV SHAKTI ENTERPRISE
114696,SHIV SHAKTI TRADERS
102030,SHIV SHAKTI TRADING CO
153219,SHIV SHAKTI TRADING CO.
113941,SHIV SHAKTI TRADING COMPANY
102033,SHIV SHAKTI TRADING NADIAD
109289,SHIV TRADERS  NADIAD
110158,SHIV TRADING (DHROL)
105229,SHRADDHA JANRAL PROVI-VERAVAL SAPAR
104290,SHRADDHA PROVISION STORES
105231,SHRADDHA PROVI STORE -KRUSHNA NAGAR
107706,SHRADHA TRADING COMPANY
112553,SHREE ADINATH TRADERS
114229,SHREE AGRAWAL TRADING CO
114921,SHREE AMBICA MARKETING
113409,SHREE ARBUDA SUPER MALL
100171,SHREE ASHAPURA ENTERPRISE
104201,SHREE ASHAPURA OIL TRADING COMPANY
111481,SHREE ASHTAVINAYAK TRADING COMPANY
152800,SHREE BALAJI ENTERPRISE
152923,SHREE BALAJI SALES
109489,SHREE BALAJI TRADERS KADI
112474,SHREE BALGOPAL SEVA TRUST
114978,SHREE BANKYARANI OIL CENTER
153026,SHREE BHAGWAD KRUPA PROVISION STORE
114707,SHREE CHEM
111564,SHREE DEVPRAKASH TRADERS
113519,SHREE GANESH TRADING CO.
153021,SHREE GANGA IMPEX
113384,SHREE GOODLUCK OIL AND COTTON INDUS
113344,SHREE GURUKRUPA TRADELINK
153192,SHREE HARI AGRO INDUSTRIES LTD.
109059,SHREEJI BAPA ENTERPRISE
108443,SHREEJI TRADERS
111974,SHREEJI TRADERS
152902,SHREE KASHTABHANJAN OIL MILL
152977,SHREE KRISHNA OIL MILLS
103997,SHREE LAXMI ENTERPRISE-VISNAGAR
102070,SHREE LAXMI KIRANA STORE
114176,SHREE LAXMI TRADERS  AHMEDABAD
116149,SHREE MAHAKALI TRADING
114954,SHREE MAHESHWARI TRADING
114557,SHREE NAKODA MARKETING
102072,SHREE NAKODA OIL DEPO
111436,SHREE NILPAVAN OIL MIL
112417,SHREE PADMA TRADING CO
105233,SHREE PROVI - METODA G.I.D.C
115030,SHREE RAJENDRA KIRANA STORES
101769,SHREE RAJMOTI MARKETING
114075,SHREE RAM CATTLEFEED
112035,SHREE RAMDEV AGENCY
152882,SHREE RAMDEV COTTON INDUSTRIES
115065,SHREE RAM TRADERS
114922,SHREE RAM TRADING CO.
104300,SHREE SAGAR TRADERS
111308,SHREE SAHJANAND TRADERS
153008,SHREE SAIBABA AGENCIES
111687,SHREE SATADHAR SALES AGENCY
111688,SHREE SATADHAR TRADING CO
114017,SHREE SAURASHTRA ENTERPRISE
113396,SHREE SAURASHTRA OIL DEPOT
153211,SHREE SHANKHESHWAR OIL INDUSTRIES
114576,SHREE SHIVAM AGRO VET CORPO
102082,SHREE SHYAM OIL AND SUGER CENTRE
113762,SHREE SHYAM SUNDER TRADERS
152787,SHREE SHYAM TRADERS
114215,SHREE SHYAM TRADING CO
112453,SHREE SWAMINARAYAN FOODS PVT LTD
152844,SHREE SWAMINARAYAN FOODS PVT LTD
152845,SHREE SWAMINARAYAN FOODS PVT LTD
153044,SHREE SWASTIK TRADING COMPANY
102148,SHREE TRADING CO
109721,SHREE UMIYAJI SUPAR MARKET
111163,SHREE VARDHMAN STORE
110773,SHRESTH TRADING COMPANY
109415,SHREYA ENTERPRISE
107867,shreyas co op credit society limite
111134,SHRI BABARAMDEV KIRANA STORE
152895,SHRI BALAJI TRADERS
113410,SHRI BALAJI TRADING CO
152826,SHRI BANMATA TRADING COMPANY
109806,SHRI DEVDAYA PROVISION STORE
110263,SHRI GAYATRI STORE (AMBIKATOWN)
114366,SHRI HARI
153024,SHRI HARI TRADERS
112538,SHRI JAGNATH TRADING
109299,SHRI JALARAM CORPORATION
105240,"SHRI JALARAM PROVI- PARESHBHAI,VIMA"
111109,SHRI JALARAM PROVISION STORE
109673,SHRIJI PROVISION STORE (NANMAVA)
105253,SHRIJI PROV. STORE - GURUPRASAD CHO
102162,SHRIJI TRADERS
110979,SHRIJI TRADERS DHORAJI
102163,SHRIJI TRADING CO
152741,SHRI KALIKAMATA TEMPLE PUBLIC TRUST
108810,SHRI KHAMBHLAY MATAJI TRUST
109645,SHRI KHODIYAR PROVISION (KALAVAD RO
102116,SHRI KRISHNA CORPORATION THARA
112822,SHRI KRISHNA TRADING CO
108360,SHRI LAXMI TRADING CO
108552,SHRI MAHAKALI TRADERS
102121,SHRI MAHALAXMI ENTERPRISE
111239,SHRI MATANGI GENERAL STORES
102127,SHRI NARNARAYAN TRADERS ABAD
105254,SHRINATHJI JANARAL-JANKI MARG
102166,SHRINATH TRADERS
111297,SHRI NAVDURGA TRADING CO
152863,SHRINIVASA CATTLE FEEDS PVT LTD
115056,SHRI PIMPLESHWAR MAHADEV SEVA.MAN.T
109726,SHRI RAJ PROVISION STORE (S V)
114618,SHRI RAM BROTHERS
102132,SHRI RAM ENTERPRISE
108173,SHRI RAM GENRAL-RAVIRATNA PARK
105244,"SHRI RAM JANRAL - SASTRI NAGAR,JAYM"
114180,SHRIRAM KIRANA STORE
113890,SHRIRAM OIL DEPO
109050,SHRI RAM PROVISION STORES
109722,SHRI RAM PROVISION STORE (S V)
115093,SHRI RAM TRADING COMPANY
106956,SHRI RANG TRADERS
102143,SHRI SATADHAR TRADERS
111724,SHRI SEVANI SEVA SAHKARI MANDLI LTD
153040,SHRI SHYAM TRADERS
110349,SHRI SUNDHAJI TRADERS
112774,SHRI TULSI TRADING CO
110833,SHRI UMA PROVISION STORE (PARDI)
152906,SHRI VAGHESHWARI PROVI STORE
114228,SHUBHAM TRADING CO
153201,SHUBH LAXMI KIRANA STORE
152866,SHUBH SALES AGENCY
152949,SHYAM AGRO INDUSTRIES
152784,SIDDHARTH GREASE & LUBES PRIVATE LI
111707,SIDDHARTH TRADING CO
102192,SIDDHESHWARI TRADING CO
110589,SIDHARTH TRADING CO
104303,SILPATWAL TRADERS
114560,SILVER POLYMERS
111316,SINGHVI OIL INDUSTRIES
500178,"SINOCHEM GUANGDONG CO., LTD"
500175,Sinopec Lubricant (Singapore) PTE.L
107678,SITARAM NANDRAM AGRO PVT. LTD.
114254,SITARAM TRADING COMPANY
107597,S.K.OIL INCORPORATION
113755,S K OIL INDUSTRIES
153025,S.K.SALES AGENCY
152788,SKT OILSEEDS AND AGRO EXPORTS LIMIT
114170,S K TRADERS
153221,S M TRADERS
113790,SOHAM TRADING
113771,SOLIS OIL INDUSTRIES
102208,SOMAIYA TRADING CO
108756,SOMNATH TRADERS
102211,SONA  AGENCY
102212,SONAL TRADING COMPANY
116148,SONA SALES
153135,SONIYA OIL INDUSTRIES
500238,SOPROPECHE
153062,SPRAYTECH FOOD PRODUCTS LLP
152894,SRI THIRUMALA TRADERS
152797,S.S. IMPEX
112245,STERLITE LUBRICANTS PVT LTD
115015,ST MARYS ORTHODOX SYRIAN CHURCH
102220,SUBHASH OIL DEPO
114720,SUDHA TRADERS  BARODA
102221,SUDHA TRADERS  BHESTAN
104017,SUKH SAGAR AND CO  KALUPUR
105432,SUKUMAL TRADING COMPANY
109868,SUMIT PROVISION STORE (KALAWAD ROAD
153171,SUN AGRO FOODS
153006,SUNBRIDGE AGRO PRIVATE LIMITED
111513,SUNDER SALES
113046,SUNILKUMAR LAXMICHAND THAKKAR
102228,SUNILKUMAR VRAJLAL
110348,SUNIL TRADING CO
114771,SUNSHINE INDUSTRIES
152910,SUNSHINE LIQUID STORAGE PVT LTD
152731,SUPER CHEMICALS
152946,SUPER CONFESSIONARY
108613,SUPER STORE
110717,SURAJ TRADING COMPANY
105272,SURAT VALA STORS - PRAHLAD PLOT
109832,SURESHBHAI HARIBHAI (KUVADWA)
152805,SURESH KIRANA STORE
102242,SURESH TRADING CO
112995,SURESH TRADING COMPANY
112516,SUVARNA KALA PRIVATE LIMITED
114928,SUYASH AYURVEDA
111111,SWAGAT MART
106980,SWAMIKRUPA TRADERS  MEMNAGAR
153236,SWASTIK TRADING
152990,SYED LIYAQAT SYED YUSUF
152849,SYNECTICS BIOSCIENCE PRIVATE LIMITE
500421,"Taewon Sischem Co., Ltd"
111578,TANISHA ENTERPRISE
114250,TARA DISTRIBUTORS
153067,TATA INTERNATIONAL LTD
111278,TAWAKKAL TRADERS
100952,THAKKAR JETHALAL MOHANLAL
105275,THAKKAR SHOPPING-MAUDI PLOT UDAY NA
102274,THE JAHANGIRPURA COT GR CO OP SAL
102275,THE OLPAD GROUP CO OP COTT SALE SOC
114750,THE PARDIZANKHARI NESH KARANJ DUDH
108779,THE SONSAK GP.CO.OP.COT.SALE SOC  L
112081,TILOK CHAND MITHA LAL JAIN
152936,TIRUMALA COTTON & AGRO PRODUCTS P.
500401,Tirupati Agrotech BV
114589,TIRUPATI AGROTECH PRIVATE LTD
1399,TIRUPATI AGROTECH PVT LTD
1311,TIRUPATI AGROTECH PVT LTD-CHIYADA
1351,Tirupati Agrotech Pvt Ltd-Raj
153205,TIRUPATI OIL DEPO
152871,TIRUPATI SALES
112736,TIRUPATI STARCH AND CHEMICALS LTD
113797,TIRUPATI TRADING CO
116139,TML INDUSTRIES LTD.
500318,TONGLIAO RIHAO CASTOR TECHNOLOGY CO
113296,TRANSOCEANIC AGRO COMM PVT LTD
113301,TRANSOCEANIC AGRO COMM PVT LTD
152947,TULSI RAM RAKHA RAM
153061,TULSI TRADNIG
102304,UDAYKUMAR PRAVINCHANDRA
102303,UDAY TRADING CO
108448,UDAY TRADING CO
114822,UJJVALKUMAR MAHESHKUMAR THAKKAR
114513,UMAR TRADING CO
104867,UMIYA AGENCY -R
105280,"UMIYAJI PROVI -ALKAPURI,RAIYA ROAD"
110102,UMIYA KIRANA STORE(TANKARA)
102320,UMIYA OIL TRADERS
111447,UMIYA SALES CORPORATION
115046,UMIYA TRADING COMPANY
112587,UNT FOODS
102331,UPENKUMAR SHAMJIBHAI
111045,URMIN PRODUCTS PVT LTD
153147,UTSAV ENTERPRISES
102341,VADILAL CHIMANLAL
102344,VADILAL KACHARABHAI SHAH
152928,VADNAGAR TEA AND SPICY MASALA PVT L
114651,VADNAGAR TEA & SPICY MASALA
114276,VAIBHAVLAXMI SPINNING MILLS
111674,VAIJNATH ANAJ BHANDAR
152865,VAISHNODEVI OIL SEEDS PROCESSING IN
152864,VAISHNODEVI REFOILS AND SOLVEX
113186,VALANI ENTERPRISE
113236,VALJI MADHAVJI  PORBANDAR
115097,VANMAUR FOODS PRIVATE LIMITED
111396,VARAHI TRADERS
102355,VARAHI TRADERS MEHSANA
109782,VARDHAMAN GENRAL STORE (BAJRANGCHOW
114531,VARDHMAN OIL DEPO
102357,VARDHMAN TRADERS
111166,VARDHMAN TRADING COMPANY
105285,VARUDI PROVI -  METODA G.I.D.C
104027,VARUN PROTEINS
111511,VARUN TRADERS
112596,VASANI SALES AGENCY
106998,VASANTLAL HIMATLAL BHAVSAR
113447,V B TRADING CO
109097,VEDANSHI ENTERPRISE
105286,"VELNATH PROVI - METODA GIDC,KISHORB"
152958,VENKATESH TRADERS
152786,VENTURA IMPEX
110354,VENU ENTERPRISE (KOTHARIYA ROAD)
500386,Vernilac S.A. Paints and Varnishes
113379,VIDHATA TRADERS
109583,VIJAY PROVISION STORES (RANUJA)
113035,VIJAY TRADING CO
102382,VIJAY TRADING CO. - SAHARA
114440,VIKRAM INDUSTRIES
113774,VIKRAM J ENTERPRISE
108718,VINAYAK CORPORATION
100198,VINAY ENTERPRISES
109690,VINAY GENRAL (PEDAK ROAD)
102400,VINOD GANESHMAL
102410,VINODKUMAR SUNDERDASJI
103713,VINODRAI AND CO
110662,VIPINCHANDRA AMRITLAL KOTHARI
108601,VIPUL AGERO IND
105288,VIPUL KUMAR KESAVJI - KUVADAVA
104882,VIPULKUMAR MOHANLAL-R
105289,VIPUL PROVI-SARDHAR MAIN ROAD
102419,VIRANI ENTERPRISE
152742,VISHAKHA POLYFAB PVT.LTD
114799,VISHAL AGENCYS
153166,VISHAL ENTERPRISE
113989,VISHAL ENTERPRISES
109138,VISHAL KIRANA STORE
111782,VISHAL PROVISION STORES
102423,VISHAL TRADERS  TALAJA
114200,VISHNU AGENCY
110696,VISHNU GRAIN SHOP
102428,VISHVASH AGENCY - SURAT
152819,VISHWAS REFOILS & CONSUMER LIMITED
115061,VISPI  TEMURASP PATEL
500273,VIXOLEN KİMYA VE PETROL
112978,VRAJ ENTERPRISE
103264,V. RAMESHCHANDRA & CO.
113160,V S ENTERPRISE
153198,VSP ENTERPRISES
102438,WEL COME TRADERS  BHARUCH
153181,WIN CATTLE FEED AND CARE PROD. INDU
100079,World Pack Automation Systems Pvt l
500322,XIAMEN SIXING TIANCHENG NEW MATERIA
500200,"XINJI SAIOU TRADING CO.,LTD."
113333,YASHKUMAR MANSUKHBHAI THAKKAR
102441,YASHPAL NEMICHAND  BHESTAN
114715,YASH TRADERS
100262,YASHVI CATTLE FEED
153172,YELLOWFIELD ORGANIC INDIA PVT LTD
107016,YESHA TRADERS  ISANPUR
102448,YOGESHWAR MARKETING CO  MADHUPURA
114610,YOGESHWAR TRADERS
102449,YOGESHWAR TRADING CO
153075,YUSUFBHAI KADARBHAI MEMAN
111664,ZAITUN OIL TRADERS
111107,ZYDUS WELLNESS LIMITED
